Reference, Value, Footprint, Datasheet
"C1","10u","Capacitor_SMD:CP_Elec_4x5.4",""
"C2","10u","Capacitor_SMD:CP_Elec_4x5.4",""
"C3","0.1u","Capacitor_SMD:C_0603_1608Metric_Pad1.08x0.95mm_HandSolder",""
"C4","0.1u","Capacitor_SMD:C_0603_1608Metric_Pad1.08x0.95mm_HandSolder",""
"C5","0.1u","Capacitor_SMD:C_0603_1608Metric_Pad1.08x0.95mm_HandSolder",""
"C6","0.1u","Capacitor_SMD:C_0603_1608Metric_Pad1.08x0.95mm_HandSolder",""
"C7","0.01u","Capacitor_SMD:C_0603_1608Metric_Pad1.08x0.95mm_HandSolder",""
"C8","0.01u","Capacitor_SMD:C_0603_1608Metric_Pad1.08x0.95mm_HandSolder",""
"C9","0.01u","Capacitor_SMD:C_0603_1608Metric_Pad1.08x0.95mm_HandSolder",""
"C10","0.01u","Capacitor_SMD:C_0603_1608Metric_Pad1.08x0.95mm_HandSolder",""
"C11","47u","Capacitor_SMD:CP_Elec_5x5.9",""
"C12","1u","Capacitor_SMD:C_0603_1608Metric_Pad1.08x0.95mm_HandSolder",""
"C13","1u","Capacitor_SMD:C_0603_1608Metric_Pad1.08x0.95mm_HandSolder",""
"C14","1u","Capacitor_SMD:C_0603_1608Metric_Pad1.08x0.95mm_HandSolder",""
"C15","1u","Capacitor_SMD:C_0603_1608Metric_Pad1.08x0.95mm_HandSolder",""
"C16","1u","Capacitor_SMD:C_0603_1608Metric_Pad1.08x0.95mm_HandSolder",""
"C17","1u","Capacitor_SMD:C_0603_1608Metric_Pad1.08x0.95mm_HandSolder",""
"C18","1u","Capacitor_SMD:C_0603_1608Metric_Pad1.08x0.95mm_HandSolder",""
"C19","1u","Capacitor_SMD:C_0603_1608Metric_Pad1.08x0.95mm_HandSolder",""
"C20","1u","Capacitor_SMD:C_0603_1608Metric_Pad1.08x0.95mm_HandSolder",""
"C21","1u","Capacitor_SMD:C_0603_1608Metric_Pad1.08x0.95mm_HandSolder",""
"C22","1u","Capacitor_SMD:C_0603_1608Metric_Pad1.08x0.95mm_HandSolder",""
"C23","1u","Capacitor_SMD:C_0603_1608Metric_Pad1.08x0.95mm_HandSolder",""
"C24","1u","Capacitor_SMD:C_0603_1608Metric_Pad1.08x0.95mm_HandSolder",""
"C25","1u","Capacitor_SMD:C_0603_1608Metric_Pad1.08x0.95mm_HandSolder",""
"C26","1u","Capacitor_SMD:C_0603_1608Metric_Pad1.08x0.95mm_HandSolder",""
"C27","1u","Capacitor_SMD:C_0603_1608Metric_Pad1.08x0.95mm_HandSolder",""
"C28","1u","Capacitor_SMD:C_0603_1608Metric_Pad1.08x0.95mm_HandSolder",""
"C29","1u","Capacitor_SMD:C_0603_1608Metric_Pad1.08x0.95mm_HandSolder",""
"C30","1u","Capacitor_SMD:C_0603_1608Metric_Pad1.08x0.95mm_HandSolder",""
"C31","1u","Capacitor_SMD:C_0603_1608Metric_Pad1.08x0.95mm_HandSolder",""
"C32","1u","Capacitor_SMD:C_0603_1608Metric_Pad1.08x0.95mm_HandSolder",""
"C33","1u","Capacitor_SMD:C_0603_1608Metric_Pad1.08x0.95mm_HandSolder",""
"C34","1u","Capacitor_SMD:C_0603_1608Metric_Pad1.08x0.95mm_HandSolder",""
"C35","1u","Capacitor_SMD:C_0603_1608Metric_Pad1.08x0.95mm_HandSolder",""
"C36","1u","Capacitor_SMD:C_0603_1608Metric_Pad1.08x0.95mm_HandSolder",""
"C37","1u","Capacitor_SMD:C_0603_1608Metric_Pad1.08x0.95mm_HandSolder",""
"C38","1u","Capacitor_SMD:C_0603_1608Metric_Pad1.08x0.95mm_HandSolder",""
"C39","1u","Capacitor_SMD:C_0603_1608Metric_Pad1.08x0.95mm_HandSolder",""
"C40","1u","Capacitor_SMD:C_0603_1608Metric_Pad1.08x0.95mm_HandSolder",""
"C41","1u","Capacitor_SMD:C_0603_1608Metric_Pad1.08x0.95mm_HandSolder",""
"C42","1u","Capacitor_SMD:C_0603_1608Metric_Pad1.08x0.95mm_HandSolder",""
"C43","1u","Capacitor_SMD:C_0603_1608Metric_Pad1.08x0.95mm_HandSolder",""
"C44","0.1u","Capacitor_SMD:C_0603_1608Metric_Pad1.08x0.95mm_HandSolder",""
"C45","0.1u","Capacitor_SMD:C_0603_1608Metric_Pad1.08x0.95mm_HandSolder",""
"C46","0.01u","Capacitor_SMD:C_0603_1608Metric_Pad1.08x0.95mm_HandSolder",""
"C47","0.01u","Capacitor_SMD:C_0603_1608Metric_Pad1.08x0.95mm_HandSolder",""
"C48","C_Small","Capacitor_SMD:C_0603_1608Metric_Pad1.08x0.95mm_HandSolder",""
"C49","C_Small","Capacitor_SMD:C_0603_1608Metric_Pad1.08x0.95mm_HandSolder",""
"C50","1u","Capacitor_SMD:C_0603_1608Metric_Pad1.08x0.95mm_HandSolder",""
"C51","1u","Capacitor_SMD:C_0603_1608Metric_Pad1.08x0.95mm_HandSolder",""
"C52","0.1u","Capacitor_SMD:C_0603_1608Metric_Pad1.08x0.95mm_HandSolder",""
"C53","0.1u","Capacitor_SMD:C_0603_1608Metric_Pad1.08x0.95mm_HandSolder",""
"C54","0.1u","Capacitor_SMD:C_0603_1608Metric_Pad1.08x0.95mm_HandSolder",""
"C55","0.01u","Capacitor_SMD:C_0603_1608Metric_Pad1.08x0.95mm_HandSolder",""
"J1","Conn_01x02_Female","Connector_JST:JST_PH_B2B-PH-K_1x02_P2.00mm_Vertical",""
"J2","Conn_02x10_Odd_Even","Connector_PinHeader_2.54mm:PinHeader_2x10_P2.54mm_Vertical",""
"J3","Conn_01x02_Male","Connector_PinHeader_2.54mm:PinHeader_1x02_P2.54mm_Vertical",""
"J4","Conn_01x02_Male","Connector_PinHeader_2.54mm:PinHeader_1x02_P2.54mm_Vertical",""
"J5","Conn_01x02_Male","Connector_PinHeader_2.54mm:PinHeader_1x02_P2.54mm_Vertical",""
"J6","Conn_01x02_Male","Connector_PinHeader_2.54mm:PinHeader_1x02_P2.54mm_Vertical",""
"R1","15k","Resistor_SMD:R_0603_1608Metric_Pad0.98x0.95mm_HandSolder",""
"R2","15k","Resistor_SMD:R_0603_1608Metric_Pad0.98x0.95mm_HandSolder",""
"R3","15k","Resistor_SMD:R_0603_1608Metric_Pad0.98x0.95mm_HandSolder",""
"R4","15k","Resistor_SMD:R_0603_1608Metric_Pad0.98x0.95mm_HandSolder",""
"R5","15k","Resistor_SMD:R_0603_1608Metric_Pad0.98x0.95mm_HandSolder",""
"R6","15k","Resistor_SMD:R_0603_1608Metric_Pad0.98x0.95mm_HandSolder",""
"R7","15k","Resistor_SMD:R_0603_1608Metric_Pad0.98x0.95mm_HandSolder",""
"R8","15k","Resistor_SMD:R_0603_1608Metric_Pad0.98x0.95mm_HandSolder",""
"R9","15k","Resistor_SMD:R_0603_1608Metric_Pad0.98x0.95mm_HandSolder",""
"R10","15k","Resistor_SMD:R_0603_1608Metric_Pad0.98x0.95mm_HandSolder",""
"R11","15k","Resistor_SMD:R_0603_1608Metric_Pad0.98x0.95mm_HandSolder",""
"R12","15k","Resistor_SMD:R_0603_1608Metric_Pad0.98x0.95mm_HandSolder",""
"R13","15k","Resistor_SMD:R_0603_1608Metric_Pad0.98x0.95mm_HandSolder",""
"R14","15k","Resistor_SMD:R_0603_1608Metric_Pad0.98x0.95mm_HandSolder",""
"R15","15k","Resistor_SMD:R_0603_1608Metric_Pad0.98x0.95mm_HandSolder",""
"R16","15k","Resistor_SMD:R_0603_1608Metric_Pad0.98x0.95mm_HandSolder",""
"R17","15k","Resistor_SMD:R_0603_1608Metric_Pad0.98x0.95mm_HandSolder",""
"R18","15k","Resistor_SMD:R_0603_1608Metric_Pad0.98x0.95mm_HandSolder",""
"R19","15k","Resistor_SMD:R_0603_1608Metric_Pad0.98x0.95mm_HandSolder",""
"R20","15k","Resistor_SMD:R_0603_1608Metric_Pad0.98x0.95mm_HandSolder",""
"R21","15k","Resistor_SMD:R_0603_1608Metric_Pad0.98x0.95mm_HandSolder",""
"R22","15k","Resistor_SMD:R_0603_1608Metric_Pad0.98x0.95mm_HandSolder",""
"R23","15k","Resistor_SMD:R_0603_1608Metric_Pad0.98x0.95mm_HandSolder",""
"R24","15k","Resistor_SMD:R_0603_1608Metric_Pad0.98x0.95mm_HandSolder",""
"R25","15k","Resistor_SMD:R_0603_1608Metric_Pad0.98x0.95mm_HandSolder",""
"R26","15k","Resistor_SMD:R_0603_1608Metric_Pad0.98x0.95mm_HandSolder",""
"R27","15k","Resistor_SMD:R_0603_1608Metric_Pad0.98x0.95mm_HandSolder",""
"R28","15k","Resistor_SMD:R_0603_1608Metric_Pad0.98x0.95mm_HandSolder",""
"R29","15k","Resistor_SMD:R_0603_1608Metric_Pad0.98x0.95mm_HandSolder",""
"R30","15k","Resistor_SMD:R_0603_1608Metric_Pad0.98x0.95mm_HandSolder",""
"R31","15k","Resistor_SMD:R_0603_1608Metric_Pad0.98x0.95mm_HandSolder",""
"R32","15k","Resistor_SMD:R_0603_1608Metric_Pad0.98x0.95mm_HandSolder",""
"R33","100k","Resistor_SMD:R_0603_1608Metric_Pad0.98x0.95mm_HandSolder",""
"R34","100k","Resistor_SMD:R_0603_1608Metric_Pad0.98x0.95mm_HandSolder",""
"R35","100k","Resistor_SMD:R_0603_1608Metric_Pad0.98x0.95mm_HandSolder",""
"R36","100k","Resistor_SMD:R_0603_1608Metric_Pad0.98x0.95mm_HandSolder",""
"R37","R_Small_US","Resistor_SMD:R_0603_1608Metric_Pad0.98x0.95mm_HandSolder",""
"R38","R_Small_US","Resistor_SMD:R_0603_1608Metric_Pad0.98x0.95mm_HandSolder",""
"R39","1k","Resistor_SMD:R_0603_1608Metric_Pad0.98x0.95mm_HandSolder",""
"R40","1k","Resistor_SMD:R_0603_1608Metric_Pad0.98x0.95mm_HandSolder",""
"R41","100k","Resistor_SMD:R_0603_1608Metric_Pad0.98x0.95mm_HandSolder",""
"R42","100k","Resistor_SMD:R_0603_1608Metric_Pad0.98x0.95mm_HandSolder",""
"R43","100k","Resistor_SMD:R_0603_1608Metric_Pad0.98x0.95mm_HandSolder",""
"R44","100k","Resistor_SMD:R_0603_1608Metric_Pad0.98x0.95mm_HandSolder",""
"R45","10k","Resistor_SMD:R_0603_1608Metric_Pad0.98x0.95mm_HandSolder",""
"R46","10k","Resistor_SMD:R_0603_1608Metric_Pad0.98x0.95mm_HandSolder",""
"R47","10k","Resistor_SMD:R_0603_1608Metric_Pad0.98x0.95mm_HandSolder",""
"R48","10k","Resistor_SMD:R_0603_1608Metric_Pad0.98x0.95mm_HandSolder",""
"R49","100k","Resistor_SMD:R_0603_1608Metric_Pad0.98x0.95mm_HandSolder",""
"R50","100k","Resistor_SMD:R_0603_1608Metric_Pad0.98x0.95mm_HandSolder",""
"U1","LT1963AxST-3.3","Package_TO_SOT_SMD:SOT-223-3_TabPin2","https://www.analog.com/media/en/technical-documentation/data-sheets/1963aff.pdf"
"U2","NB3L553DR2G","SOIC8_ONS","NB3L553DR2G"
"U3","74LVC2G04","Package_TO_SOT_SMD:SOT-363_SC-70-6_Handsoldering","http://www.ti.com/lit/sg/scyt129e/scyt129e.pdf"
"U4","74LVC2G04","Package_TO_SOT_SMD:SOT-363_SC-70-6_Handsoldering","http://www.ti.com/lit/sg/scyt129e/scyt129e.pdf"
"U5","74HCT574","Package_SO:SOIC-20W_7.5x12.8mm_P1.27mm","http://www.ti.com/lit/gpn/sn74HCT574"
"U6","74HCT574","Package_SO:SOIC-20W_7.5x12.8mm_P1.27mm","http://www.ti.com/lit/gpn/sn74HCT574"
"U7","OPA2356xxD","Package_SO:SOIC-8_3.9x4.9mm_P1.27mm","http://www.ti.com/lit/ds/symlink/opa2356.pdf"
"U8","OPA2356xxD","Package_SO:SOIC-8_3.9x4.9mm_P1.27mm","http://www.ti.com/lit/ds/symlink/opa2356.pdf"
"U9","74HCT574","Package_SO:SOIC-20W_7.5x12.8mm_P1.27mm","http://www.ti.com/lit/gpn/sn74HCT574"
"U10","74HCT574","Package_SO:SOIC-20W_7.5x12.8mm_P1.27mm","http://www.ti.com/lit/gpn/sn74HCT574"
